{"episode/num_episodes":30,"final/portfolio_value":1000,"episode/portfolio_value":1000,"final/total_episodes":30,"_runtime":1295,"final/min_reward":-1.06018267476135e+10,"final/max_reward":1.89901251158595e+08,"rollout/ep_len_mean":16525.5,"train/clip_fraction":0.053759765,"final/max_portfolio":1000,"_timestamp":1.7664297173951318e+09,"final/total_return_pct":0,"train/value_loss":6554.641,"episode/length":31,"step":501700,"train/loss":3250.5217,"rollout/ep_rew_mean":-6.671507e+08,"episode/reward":-1.06018267476135e+10,"episode/total_return_pct":0,"_step":8184,"train/approx_kl":0.0048537916,"global_step":501760,"train/clip_range":0.2,"time/fps":706,"train/learning_rate":0.0003,"episode/mean_portfolio_100":1000,"final/mean_reward":-6.671507518989116e+08,"charts/training_overview":{"height":800,"_type":"image-file","sha256":"c0b70f263cfa0c35ffef7833d1142a2140f3973cf40da51d6507ea36925454f1","size":58045,"path":"media/images/charts/training_overview_5049_c0b70f263cfa0c35ffef.png","format":"png","width":1200},"train/entropy_loss":-0.70554155,"final/mean_portfolio":1000,"final/std_reward":2.1625446007079225e+09,"_wandb":{"runtime":1295},"train/explained_variance":0.37766862,"train/policy_gradient_loss":-0.0050868336,"train/std":0.48741746,"episode/mean_reward_100":-6.671507518989116e+08}