{"episode/length":4509,"train/learning_rate":0.0003,"train/explained_variance":-8.46386e-06,"episode/total_return_pct":0,"_step":591,"train/clip_range":0.2,"episode/reward":1.586606506133e+06,"episode/portfolio_value":1000,"train/std":0.87480485,"train/entropy_loss":-1.2821001,"train/loss":3926.4255,"episode/mean_portfolio_100":1000,"step":36800,"_runtime":50,"train/clip_fraction":0.030859375,"train/value_loss":9811.864,"_wandb":{"runtime":50},"train/policy_gradient_loss":-0.0043165344,"episode/mean_reward_100":6.4346108404095e+06,"time/fps":931,"_timestamp":1.766428994825971e+09,"rollout/ep_rew_mean":6.434611e+06,"global_step":36864,"episode/num_episodes":4,"train/approx_kl":0.0036989648,"rollout/ep_len_mean":4021.5}